N°,Tema,Artista,Compositor,Lugar,Año,Ritmo,Fuente,Letra,Realizado por,letra en Spotify,Añadido a Spotify,Observaciones,
1,Infierno Verde,Gladys Moreno,Alberto Ruíz Lavadenz,,1987,Cueca,Spotify,1.txt,Javi,TRUE,,,
2,Tu Orgullo,Los Pachechos,Humberto Iporre Salinas,Potosí,,Cueca,Spotify,2.txt,Javi,TRUE,Si,,
3,Triste es ausentarse,Enrique Larrea,-,,,Cueca,Spotify,3.txt,Javi,TRUE,Si,,
4,Ay Concepción,Luis Gutierrez,Julio Martinez Arteaga,La Paz,,Cueca,Spotify,4.txt,Javi,TRUE,Si,,
5,Sauce Sabes Querer,Enrique Larrea,-,,,Huayño,Spotify,5.txt,Javi,TRUE,Si,,
6,Mentirosita,Larrea - Villavicencio,Julio Martinez Arteaga,,,Cueca,Spotify,6.txt,Javi,TRUE,Si,,
7,La Cuesta de Sama,Los Copleros del Sausal,Nilo Soruco,Tarija,,Cueca,Spotify,7.txt,Javi,TRUE,Si,falta sincronizacion y corrección,
8,Olvidate,Los Genios,Edgar Yayo Joffré,Santa Cruz,,Taquirari,Spotify,8.txt,Javi,TRUE,Si,,
9,Recuerdo,Los Jairas,Edgar Yayo Joffré,,,Huayño,Spotify,9.txt,Javi,TRUE,Si,falta corrección,
10,Memorias,Los Jairas,Edgar Yayo Joffré,Santa Cruz,1981,Taquirari,Spotify,10.txt,Javi,TRUE,Si,,
11,Sombrero de Sao,Trio Oriental,Pedro Shimose Kawamura,Santa Cruz,1968,Taquirari,Spotify,11.txt,Javi,TRUE,,,
12,Virginia,Enriqueta Ulloa,Heriberto Luján,Tarija,,Cueca,Spotify,12.txt,Javi,TRUE,Si,,
13,Tranquilízate,Arturo Sobenes,Gilberto Rojas,Santa Cruz,,Taquirari,Spotify,13.txt,Javi,TRUE,Si,,
14,Amancay amancayita,Los Cantores del Valle,-,Tarija,,Cueca,Spotify,14.txt,Javi,TRUE,Si,,
15,Moto Mendez,Los Cantores del Valle,"Oscar Alfaro, Nilo Soruco, Misael Laguna",Tarija,,Cueca,Spotify,15.txt,Javi,TRUE,,,
16,Amor Prohibido,Grupo Norte Potosi,Abraham Pacifico Choque,Potosí,2001,Huayño,Spotify,16.txt,Javi,TRUE,,,
17,Chayanteñita,Semilla,Alejandro Camara Medrano,Potosí,1992,Huayño,Spotify,17.txt,Javi,TRUE,,,
18,Cholita Marina,Duo Takiytinku,Betty Veizaga Siles,Potosí,,Huayño,Spotify,18.txt,Javi,TRUE,Si,,
19,Pascua Uno,Grupo Norte Potosi,A.A.D.D. SOBODAYCOM,Potosí,1999,Huayño,Spotify,19.txt,Javi,TRUE,Si,,
20,Te Amaré,Amaru,Claudio Peñaranda y José Lavadenz,Chuquisaca,,Cueca,Spotify,20.txt,Javi,TRUE,Si,,
21,Bolivia Querida,Amaru,Dexter Perez Mejia,,,Cueca,Spotify,21.txt,Javi,TRUE,Si,,
22,Aguas Claras,Kala Marka,"Hugo Gutiérrez, Rodolfo Choque",Potosí,,Tinku,Spotify,22.txt,Javi,TRUE,,,
23,Cuando Florezca el Chuño,Kala Marka,Hugo Gutiérrez,,,Tobas,Spotify,23.txt,Javi,TRUE,Si,,
24,Chapaco Soy,Enriqueta Ulloa,Orlando Rojas,Tarija,,Cueca,Spotify,24.txt,Javi,TRUE,,,
25,Rosa Carmín,Música de Maestros,"Juan Manuel Thorrez, Nestor Olmos Molina",,,Cueca,Spotify,25.txt,Javi,TRUE,Si,,
26,De Regreso,Luis Rico,Matilde Casazola,,,Cueca,Spotify,26.txt,Javi,TRUE,,,
27,La Caraqueña,Enriqueta Ulloa,Nilo Soruco,Tarija,,Cueca,Spotify,27.txt,Javi,TRUE,,,
28,Adiós Oruro del Alma,Dúo Sentimiento,"Jaime Medinaceli, Daniel Sosa",Oruro,,Cueca,Spotify,28.txt,Javi,TRUE,Si,falta corregir y sincronizar,
29,Mi Gran Potosí,Maria Luisa Tirado,Hernan Martinez Rojas,Potosí,,Cueca,Spotify,29.txt,Javi,TRUE,Si,,
30,Cholita Paceña,Tupay,Manuel Elías Coronel Ponce,La Paz,,Cueca,Spotify,30.txt,Javi,TRUE,,,
31,Infierno,Proyección,-,,1989,Kaluyo,Spotify,31.txt,Javi,TRUE,,,
32,Luz de Mi Camino,Proyección,Fernando Torrico,,1987,Chuntunqui,Spotify,32.txt,Javi,TRUE,,,
33,Cruel Destino,Proyección,-,,1987,Kaluyo,Spotify,33.txt,Abi,TRUE,Si,,
34,Amigo,Los Payas,René Careaga,,1971,Taki taki,Spotify,34.txt,Abi,TRUE,,http://musicaandina2011.blogspot.com/2020/03/los-payas.html,
35,Bailando Saya,Sayanta,Juan Carlos Llave Flores,Yungas,2001,Saya afroboliviana,Spotify,35.txt,Abi,TRUE,,,
36,Abierto Mi Corazón,Los Kory Huayras,Bonny Alberto Teran,,,Huayño,Spotify,36.txt,Abi,TRUE,,https://www.discogs.com/es/release/13411599-Los-Kory-Huayras-Los-Kory-Huayras,https://www.youtube.com/watch?v=TQOEdkPCljg
37,Paceñita,Yara,Ramiro Alcocer Lopez,La Paz,2003,Cullaguada,Spotify,37.txt,Abi,TRUE,,,
38,Lágrimas,Carlos Palenque,Carlos Palenque,La Paz,1997,Cullaguada,Spotify,38.txt,Abi,TRUE,,https://music.apple.com/bo/album/lo-mejor-de-carlos-palenque-bolivia-y-su-folklore/955148931,
39,Sangre Andina,Savia Andina,Gerardo Arias Paz,,1996,Caporal,Spotify,39.txt,Abi,TRUE,,,
40,Por Qué Me Enamoré de Tí,Los Kory Huayras,Carlos Ballón,La Paz,1990,Huayño,Spotify,40.txt,Abi,TRUE,,,
41,Bailando Caporales,Yara,Ramiro Alcocer Lopez,,2003,Caporal,Spotify,41.txt,Abi,TRUE,,,
42,La Vida Es Linda,Los Canarios del Chaco,Nilo Soruco,,,Cueca,Spotify,42.txt,Abi,TRUE,Si,,
43,No Te Olvides de Mi,Esther Marisol,Teodoro Barrientos,,1996,Chuntunqui,Spotify,43.txt,Abi,TRUE,,,
44,Bien Le Cascaremos,Manuel Monroy,Manuel Monroy,,2003,Huayño,Spotify,44.txt,Abi,TRUE,,,
45,Viva Santa Cruz,Gilberto Rojas Enríquez,Gilberto Rojas Enríquez,Santa Cruz,1954,Taquirari,Spotify,45.txt,Abi,TRUE,,"https://www.youtube.com/watch?app=desktop&v=OmgexswtPJc#:~:text=VIVA%20SANTA%20CRUZ%20%E2%80%93%20Cantan%20en,Los%20Cambas%20en%201958%20%2D%20YouTube",
46,Mi Escuelita,"Zulma Yugar, Gerardo Arias",Willy Alfaro,,1999,Tonada,Spotify,46.txt,Abi,TRUE,,http://musicaandina2011.blogspot.com/2011/12/zulma-yugar.html,
47,Lloré por Ti,Pepe Murillo,Walter Gonzales,,1999,Cueca,Spotify,47.txt,Abi,TRUE,Si,,
48,Amarguras y congojas,Enrique Larrea,Enrique Larrea,,1993,Huayño,Spotify,48.txt,Abi,TRUE,Si,,
49,Boquerón,Música de Maestros,"Humberto Palza, Antonio Montes",,1999,Danza Aymara,Spotify,49.txt,Abi,TRUE,,"https://www.facebook.com/BoliviaEterna/videos/musica-de-maestros-boqueron/497223147765721/#:~:text=TEMA%20%3A%20Boqueron,-%E2%96%A0&text=AUTOR%20%3A%20Humberto%20Palza%20%2F%20Antonio%20Montes,-%E2%96%A0&text=RITMO%20%3A%20Danza%20Aymara,-%E2%96%A0",
50,Tu Recuerdo,Arturo Sobenes,Irma Arteaga,,2005,Polca,Spotify,50.txt,Abi,TRUE,,Javi,
51,El Aguilillo,Enriqueta Ulloa,"José René Moreno, Arturo Pinckert",,2004,Carnaval,Spotify,51.txt,Abi,TRUE,,"https://www.facebook.com/BoliviaEterna/videos/enriqueta-ulloa-el-aguilillo/431653584438368/?locale=es_LA#:~:text=TEMA%20%3A%20El%20Aguilillo,-%E2%96%A0&text=AUTOR%20%3A%20Jos%C3%A9%20Ren%C3%A9%20Moreno%20%2F%20Arturo%20Pinckert,-%E2%96%A0&text=RITMO%20%3A%20Carnaval,-%E2%96%A0",
52,Guajojo,Gladys Moreno,Percy Ávila,,1979,Taquirari,Spotify,52.txt,Abi,TRUE,,,
53,Niña Camba,Los Cambitas,César Espada Morales,,1990,Taquirari,Spotify,53.txt,Abi,TRUE,Si,falta corrección,
54,Pena Camba,Gladys Moreno,"José Luna, Raúl Otero",,1993,Taquirari,Spotify,54.txt,Abi,TRUE,,,
55,Charanguito de Quirquincho,"Betty Veizaga, Grupo Pukaj Wayra",Betty Veizaga Siles,,1998,Salay,Spotify,55.txt,Abi,TRUE,Si,,
56,Granadita,Tupay,A.A.D.D. SOBODAYCOM,,1998,Huayño,Spotify,56.txt,Abi,TRUE,,,
57,Tonada Para Remedios,Zulma Yugar,Willy Alfaro,,1996,Tonada,Spotify,57.txt,Abi,TRUE,,,
58,Wist'u Vida,Semilla,Pastor Cámara,,1996,Tinku,Spotify,58.txt,Abi,TRUE,,,
59,Arbolito Arbolito,Tupay,-,,2018,Cueca,Spotify,59.txt,Abi,TRUE,,,
60,Rompe cantarito,Willy Alfaro,Willy Alfaro,,1969,Tonada,Spotify,60.txt,Abi,TRUE,Si,falta sincronización,https://www.facebook.com/BoliviaEterna/videos/humberto-leyton-rompe-cantarito/410299593362657/
61,Mi desventura,Willy Alfaro,Willy Alfaro,,1989,Cueca,Spotify,61.txt,Abi,TRUE,Si,falta sincronización,"https://www.facebook.com/BoliviaEterna/videos/willy-alfaro-mi-desventura/921888878660485/#:~:text=TEMA%3A%20Mi%20Desventura,-%E2%96%A0&text=AUTOR%3A%20Willy%20Alfaro,-%E2%96%A0&text=RITMO%3A%20Cueca,-%E2%96%A0&text=ALBUM%3A%20El%20Trovador%20Tupice%C3%B1o%20%E2%93%851989,-%E2%96%A0"
62,La culpable,Los Cantores del Valle,Luis Achá Martínez,,1993,Cueca,Spotify,62.txt,Abi,TRUE,,,
63,Huérfana Virginia,Tupay,Simeón Roncal Gallardo,,,Cueca,Spotify,63.txt,Javi,TRUE,,,
64,No Pretendas Consolarme ,Los Pachechos,-,,2015,Bailecito,Spotify,64-No pretendas consolarme ,Patricia delgadillo ,TRUE,Si,,
65,Rojo Amarillo y Verde ,Juan Enrique Jurado,Juan Enrique Jurado,Tarija ,2003,Cueca,Spotify,65-rojo amarillo y verde ,Patricia delgadillo ,TRUE,,,
66,Pretenciosa ,Bonanza,Francisco Cuellar,,1997,Cueca,Spotify,66-pretenciosa ,Patricia delgadillo ,TRUE,,,
67,Flor De Cardón ,Tupay,Adolfo Albino,,2018,Cueca,Spotify,67-flor de cardón ,Patricia delgadillo ,TRUE,,,
68,Desde Que Te Ví ,Enriqueta Ulloa,Uriel Vásquez,,,Cueca,Spotify,68-desde que te ví ,Patricia delgadillo ,TRUE,Si,,
69,Claveles Rojos ,Dúo Sentimiento,"Alberto Ruiz, Gilberto Rojas",,,Cueca,Spotify,69-claveles rojos ,Patricia delgadillo ,TRUE,,,
70,Palmeras ,Raul Shaw Moreno,Gilberto Rojas,,,Polca,Spotify,70-palmeras ,Patricia delgadillo ,TRUE,,,
71,Flor de Santa Cruz,Trio Oriental,Gilberto Rojas,Santa Cruz,1969,Taquirari,Spotify,71-Flor de Santa Cruz,Patricia delgadillo ,TRUE,,,
72,Cunumicita,Guisela Santa Cruz,Gilberto Rojas,Santa Cruz,2021,Taquirari ,Spotify,72-Cunumicita,Patricia delgadillo ,TRUE,,,
73,En las Playas Desiertas del Beni ,Los Taitas,"José Aguirre Achá, Lola Sierra Chávez de Méndez  ",Beni ,,Vals,Spotify,73-En las playas desiertas del Beni-Los taitas.txt,Patricia delgadillo ,TRUE,,,
74,Pandinita ,Trio Oriental,José Torrico,,1996,Taquirari ,Spotify,74-Pandinita -trio oriental.txt,Patricia delgadillo ,TRUE,,,
75,Siringuero ,Luis Rico,Pedro Shimose Kawamura,,1976,Polca,Spotify,75-Siringuero.txt,Patricia delgadillo ,TRUE,Si,falta corregir y sincronizar,
76,Martirio ,Bonanza,"Jose Lavadenz, Nicolas Ortiz.",,1997,Cueca,Spotify,76-Martirio.txt,Patricia delgadillo ,TRUE,Si,,
77,Soledad,Amaru,Simeón Roncal / Pedro Butrón ,,1995,Cueca,Spotify,77-Soledad.txt,Patricia delgadillo ,TRUE,Si,,
78,Amor Ausente,Amaru,Dexter Perez Mejia,,2005,Tinku,Spotify,77-amor ausente.txt,Patricia delgadillo ,TRUE,,,
79,Para Que La Vida ,Llajtaymanta,Benjamin Edson Carvallo Contreras,,2007,Tinku,Spotify,79-para que la vida.txt,Patricia delgadillo ,TRUE,,,
80,Dices Que No Importa,Waliki,Humberto Rodriguez Guillen,,2018,Tinku,Spotify,80-dices que no importa.txt,Patricia delgadillo ,TRUE,,,
81,En la Puerta de un Jardin ,Amaru,José Lavadenz,,,Cueca,Spotify,81-en la puerta de un jardin.txt,Patricia delgadillo ,TRUE,,,
82,Bailando Pujllay,Llajtaymanta,-,,1999,Pujllay,Spotify,82-Bailando pujllay.txt,Patricia delgadillo ,TRUE,,,
83,Ama Amazonas ,Kala Marka,"Hugo Gutiérrez, Rodolfo Choque",,1992,Tobas,Spotify,83-ama amazonas,Patricia delgadillo ,TRUE,,,
84,Chiru Chiru I el Ferroviario,Llajtaymanta,"Alvaro Alvarez Silvera, Jose Felix Flores Orosco, Primo Antonio Uzquiano Claros",,2009,Diablada,Spotify,84-El chiru chiru.txt,Patricia delgadillo ,TRUE,,,
85,Soñar No Es Pecado,Siempre Mayas,Rolando Guzman Olmos,,1998,Tonada,Spotify,85-soñar no es pecado,Patricia delgadillo ,TRUE,,,
86,Mantilla de vicuña,Savia Andina,José Flores,,,Morenada,Spotify,86-mantilla de vicuña.txt,Patricia delgadillo ,TRUE,Si,,
87,Chili Gabrielito ,K'achas,Humberto Rodriguez Guillen,,2001,Tinku,Spotify,87-chili gabrielito.txt,Patricia delgadillo ,TRUE,,,
88,Ay Rosita ,Jach'a Mallku,Fernando Román Saavedra,,2003,Caporal,Spotify,88-ay rosita.txt,Patricia delgadillo ,TRUE,Si,,
89,Amorosa Palomita ,Jach'a Mallku,A.A.D.D. SOBODAYCOM,,1992,Caporal,Spotify,89-Amorosa palomita.txt,Patricia delgadillo ,TRUE,,,
90,Amorosa Palomita ,Savia Andina,Gonzalo Hermosa,,1980,Bailecito,Spotify,90-amorosa palomita savia andina,Patricia delgadillo ,TRUE,,,
91,Puñal envenenado,Dúo Sentimiento,Alberto Ruíz Lavadenz,,1998,Cueca,Spotify,91-puñal envenenado.txt,Patricia delgadillo ,TRUE,Si ,falta sincronizar,
92,Jilguero Flores ,Los Kjarkas,"Fernando Torrico, Gonzalo Hermosa",,,Huayño,Spotify,92-jilguero flores.txt,Patricia delgadillo ,TRUE,,,
93,Negrita,Pacha,"Fernando Torrico, Edwin Castellanos",,,Caporal ,Spotify,93-negrita,Patricia delgadillo ,TRUE,,,
94,Lllorando se fue ,Los Kjarkas,"Ulises Hermosa, Gonzalo Hermosa",,1981,Caporal ,Spotify,94-llorando se fue,Patricia delgadillo ,TRUE,,,
95,Ave de Cristal,Los Kjarkas,Gonzalo Hermosa,,,Chuntunqui ,Spotify,95.txt,Edu,TRUE,,,
96,El Árbol de Mi Destino,Los Kjarkas,Ulises Hermosa,,1992,Chuntunqui,Spotify,96.txt,Edu,TRUE,,,
97,Lunareja,Los Kjarkas,Gonzalo Hermosa,,1993,Huayño,Spotify,97.txt,Edu,TRUE,,,
98,Más Bella Tu,Los Kjarkas,Gonzalo Hermosa,,1997,Huayño,Spotify,98.txt,Edu,TRUE,,,
99,Carnestolendas de Coplas Picantes,Los Kjarkas,-,,1998,Coplas,Spotify,99.txt,Edu,TRUE,Si,,
100,Wayayay,Los Kjarkas,Ulises Hermosa,,1982,Huayño,Spotify,100.txt,Edu,TRUE,,,
101,Lección de Vida,Los Kjarkas,Gonzalo Hermosa,,,Huayño,Spotify,101.txt,Edu,TRUE,,,
102,Fría,Los Kjarkas,"Elmer Hermosa, Gonzalo Hermosa",,,Taquirari,Spotify,102.txt,Edu,TRUE,,,
103,La Saya,Tupay,"Fernando Torrico, Edwin Castellanos",,,Caporal ,Spotify,103.txt,Edu,TRUE,,,
104,Soy Caporal,Tupay,"Fernando Torrico, Edwin Castellanos",,,Caporal ,Spotify,104.txt,Edu,TRUE,,,
105,Nunca Tuve Suerte en el Amor,Tupay,"Fernando Torrico, Edwin Castellanos",,2003,Tinku,Spotify,105.txt,Edu,TRUE,,,
106,Viernes de Soltero,Tupay,"Fernando Torrico, Edwin Castellanos",,,Tinku,Spotify,106.txt,Edu,TRUE,,,
107,Porque Estás Triste,Savia Andina,Gerardo Arias Paz,,1982,Cancion,Spotify,107.txt,Edu,TRUE,,,
108,El Minero,Savia Andina,Jaime Medinacelli,,1980,Tonada Huayño,Spotify,108.txt,Edu,TRUE,,,
109,A los Bosques,Savia Andina,Alberto Ruiz Lavadenz,,1980,Huayño,Spotify,109.txt,Edu,TRUE,,,
110,Charanguito,Savia Andina,"Ana Cristina Céspedes, Javier Angulo",,1996,Huayño ,Spotify,110.txt,Edu,TRUE,,,
111,Secreto Amor,Proyección,Yuri Ortuño León,,1989,Chuntunqui ,Spotify,111.txt,Edu,TRUE,,,
112,No Vuelvo a Amar,Proyección,Ramiro de la Zerda,,1984,Huayño,Spotify,112.txt,Edu,TRUE,,,
113,Paloma del Alma,Proyección,Ana Cristina Céspedes,,1986,Pasacalle,Spotify,113.txt,Edu,TRUE,,,
114,Amor Joven,Kory Huayras,Edgardo Otero de la Vega,,1973,Huayño,Spotify,114.txt,Edu,TRUE,,,
115,Ríe Corazón,Proyección,Raúl Shaw Moreno,,1984,Kaluyo,Spotify,115.txt,Edu,TRUE,,,
116,El Ritmo Negro,Los Kjarkas,"Fernando Torrico, Edwin Castellanos",,,Caporal,Spotify,116.txt,Edu,TRUE,,,
117,A Qué Volviste,Proyección,"Raul Muriel Hinojosa, Yuri Ortuño León",,1989,Caporal,Spotify,117.txt,Edu,TRUE,,,
118,Mi Golondrina,Dúo Sentimiento,Willy Alfaro,,,Cueca,Spotify,118.txt,Edu,TRUE,Si,falta sincronizar,
119,Caminito Amigo,Amaru,Jaime Medinacelli,,,Cueca,Spotify,119.txt,Edu,TRUE,Si,,
120,Idilio,María Juana,Marco Veizaga,,,Morenada,Spotify,120.txt,Edu,TRUE,,,
121,Rompemonteras,María Juana,Marco Veizaga,,,Tinku,Spotify,121.txt,Edu,TRUE,,,
122,Corazoncito,Sumaya Andina,Juan Carlos Soria Coca,,,Salay,Spotify,122.txt,Edu,TRUE,,,
123,Cecilia,Jach'a Mallku,Alejandro Arias,,,Morenada,Spotify,123.txt,Edu,TRUE,,,
124,Hasta El Día De Mi Muerte,Siempre Mayas,Alfonso Zabala,,2006,Morenada,Spotify,124.txt,Edu,TRUE,,,
125,La Ovejerita,Guisela Santa Cruz,Juan Osinaga,Vallegrande,,Carnavalito,Spotify,125.txt,Javi,TRUE,,,
126,Brujita,Llajtaymanta,Alberto Luis Aguilar,,2003,Morenada,Spotify,126.txt,Javi,TRUE,,,
127,Aromeñita | La Mariposa | Morenos Alegres,Jach'a Mallku,Manuel Solíz Flores | Gumercindo Licidio | Andrés Rojas Quisbert,,2001,Morenada,Spotify,127.txt,Javi,TRUE,,,
128,Boquita de Miel,Chila Jatun,Gonzalo Hermosa Camacho Jr,,2013,Huayño phuna,Spotify,128.txt,Javi,TRUE,,,
129,Yo No Te Olvido,Pasión Andina,Nelzon Gutierrez,,2008,Chuntunqui,Spotify,129.txt,Javi,TRUE,,,
130,No Te Dejes Corazón,Bonanza,Edgar Rojas Casazola,,2005,Tinku,Spotify,130.txt,Javi,TRUE,,,
131,"Selección de Cullaguadas: No Quiero Que Llores Negrita, Si de Mi Lado Te Vas, Por Que Soy Pobre",Jach'a Mallku,"A.A.D.D. SOBODAYCOM, Ernesto Zapata, Jose Zapata",,2003,Cullaguada,Spotify,131.txt,Javi,TRUE,Si,,
132,Mi Corazón Es Cochabamba,Tupay,Percy Ávila,Cochabamba,1998,Cueca,Spotify,132.txt,Javi,TRUE,,,
133,Severina,Yara,"R. Alcócer, J. Cárdenas, M. Pedraza",,2004,Salaque Jalk´a,Spotify,133.txt,Javi,TRUE,,,
134,Mi Sueño Mejor,Los Kjarkas,Gaston Guardia,,1998,Tinku,Spotify,134.txt,Javi,TRUE,,,
135,Mi Socio,Gerardo Arias,Alberto Villalpando,,1981,Taquirari,Spotify,135.txt,Javi,TRUE,,,
136,Viva Mi Patria Bolivia,"Luis Rico, Pepe Murillo, José Zapata, Orlando Rojas y Ernesto Cavour",Apolinar Camacho Orellana,,,Cueca,Spotify,136.txt,Javi,TRUE,,,
137,La Promesa,Grupo Bonanza Bolivia,Edgar Rojas Casazola,,2009,Morenada,Spotify,137.txt,Javi,TRUE,,,
138,Cholero,Tupay,Edwin Castellanos,,2000,Tinku,Spotify,138.txt,Javi,TRUE,,,
139,Mi Viejo Santa Cruz,Arminda Alba,José René Moreno,Santa Cruz,,Taquirari,Spotify,139.txt,Javi,TRUE,,,
140,Paica en Carnaval,Arminda Alba,"Arturo Pinckert, Jose Rene Moreno ",Santa Cruz,,Chovena,Spotify,140.txt,Javi,TRUE,,,
141,He Venido No He Venido,Zulma Yugar,-,,1995,Huayño kalampeado,Spotify,141.txt,Javi,TRUE,Si,,
142,"Selección de Sicureadas: Flor de K'actus, Caramba Chiquita, Un Corazón Como el Mío",Markasata,A.A.D.D. SOBODAYCOM,,1998,Sicuri,Spotify,142.txt,Javi,TRUE,,,
143,Selección de Bailecitos,Bonanza,-,Chuquisaca,,Bailecito,Spotify,143.txt,Javi,TRUE,Si,,
144,Flor Aiquileña,"Orlando Pozo, Dulia Panozo",Walter Camacho,Cochabamba,,Kaluyo,Spotify,144.txt,Javi,TRUE,Si,,
145,Labios Mentirosos,Nuevas Raíces,Javier Mantilla Vera,,,Pasacalle,Spotify,145.txt,Javi,TRUE,Si,,
146,Tu Partida,Proyección,Rómulo Flores,,1987,Huayño cacharpaya,Spotify,146.txt,Javi,TRUE,Si,,
147,Te Arrepentirás,Los Chaskas,Ernesto Zapata,,1974,Cullaguada,Spotify,147.txt,Javi,TRUE,Si,,
148,Desde la Rotonda,Dúo Sentimiento,Alberto Ruiz Lavadenz,,,Huayño,Spotify,148.txt,Javi,TRUE,Si,,
149,El Rayolero,Proyección,"Ariel Villazón, Miguel Mengoa",,1996,Huayño,Spotify,149.txt,Javi,TRUE,Si,,
150,El Famoso Richy,Proyección,Juan Carlos Rodríguez Clavijo,,2003,Huayño kalampeado,Spotify,150.txt,Javi,TRUE,Si,,
151,El Carretero,Savia Andina,José René Moreno,Santa Cruz,,Taquirari,Spotify,151.txt,Javi,TRUE,,,
152,Cuanto Cuestas Cuanto Vales I Mi Vida No Vale Nada I Hay Que Bailar Moreno,Jach'a Mallku,Eloy Apaza |  A.A.D.D. SOBODAYCOM | Ricardo Carvajal,,,Morenada,Spotify,152.txt,Javi,TRUE,,,
153,Pecho de Cristal,Taricanto,Gonzalo Riera Castellón,Tarija,1998,"Contrapunto, Tonada, Cacharpaya",Spotify,153.txt,Javi,TRUE,,,
154,Morir Cantando,Esther Marisol,Hugo Monzón,Tarija,1992,Cueca,Spotify,154.txt,Javi,TRUE,,,
155,Tres Rosas,Alaxpacha,"Ramiro Aguirre, Comunidad Niño Corin Charazani",La Paz,1993,Huayño,Spotify,155.txt,Javi,TRUE,,,
156,Sed de Amor,Gladys Moreno,"Miguel Angel Valda, Rafael Garcia",,1979,Cueca,Spotify,156.txt,Javi,TRUE,Si,,
157,Pasito de Lujo,Minero Poopo Grupo Folklórico ,Banda Intercontinental Poopó(AGAPITO QUISPE AYALA),,1988,Morenada,Spotify,157.txt,Javi,TRUE,Si,,
158,Collita,Wara,Fernando Roman Saavedra ,,1982,Taquirari ,Spotify,158.txt,Javi,TRUE,,,
159,Kullakita,Awatiñas,Miguel Conde Valdez,,1990,Huayño,Spotify,159.txt,Javi,TRUE,,,
160,Cañita Cañaveral,Luisa Molina,-,,1990,Huayño ,Spotify,160.txt,Javi,TRUE,,,
161,Hoy Me Iré ,Dalmiro Cuellar,Huascar Gustavo Aparicio,,,Huayño ,Spotify,161.txt,Javi,TRUE,,,
162,Mamita,Kala Marka,"Hugo Gutiérrez, Rodolfo Choque",,1992,Huayño,Spotify,162.txt,Abi,TRUE,,https://musicaandina2011.blogspot.com/search?q=mamita,
163,Leydi,Pasión Andina,Luis Aguilar,,2005,Tinku,Spotify,163.txt,Abi,TRUE,,,
164,Chacarera Enamorada,Juan Enrique Jurado,Juan Enrique Jurado,Tarija ,2001,Chacarera,Spotify,164.txt,Javi,TRUE,Si,,
165,A Bailar el Brincao,Aldo Peña,"Aldo Peña, Julio Kempff S.",,,Brincao,Spotify,165.txt,Javi,TRUE,,,
166,La danza del Triunfo,Trio Oriental,"Eduardo Velasco Rivero, Cirilo Yaca Emata",Beni,,Macheteros,Spotify,166.txt,Javi,TRUE,Si,,
167,Piama,Trio Oriental,Recopilación Roger Becerra,Beni,1991,Chovena mojeña,Spotify,167.txt,Javi,TRUE,,,
168,El Trasnochador,"Camba ""Sota"" Pedro Flores",Nicolás Menacho / Raúl Otero Reiche,,,Taquirari,Spotify,168.txt,Javi,TRUE,Si,falta sincronizar,
169,Viva Trinidad,Embajadores del Beni,"Roger Becerra, Hormando Ortiz",Beni,,Taquirari,Spotify,169.txt,Javi,TRUE,,,
170,Rosita Pochi - Arete Guasu,Thola Claudio,Tradicional Ava Guaraní ,,,Atico,Spotify,170.txt,Javi,TRUE,Si,falta sincronizar,
171,Cara de Ovejas,Los Llajuas,A.A.D.D. SOBODAYCOM,,,Caporal,Spotify,171.txt,Javi,TRUE,,,
172,Acaso Porque Te Quiero,Yara,-,,,Llamerada,Spotify,172.txt,Javi,TRUE,Si,,
173,Loco De Amor,Amaru,Rolando Siles Coca,,2005,Caporal,Spotify,173.txt,Javi,TRUE,,,
174,Flor de Lirio,Pusisuyu Sikuthalas,- ,Potosí,,Huayño,Spotify,174.txt,Javi,TRUE,Si,,
175,Yerbas del Olvido,Alberto Arteaga,-,Potosí,,Huayño,Spotify,175.txt,Javi,TRUE,Si,,
176,Tradiciones cochabambinas : todos santos / Santa Vera Cruz / Taquipayanacu,Ana Cristina Céspedes,-,Cochabamba,,Coplas,Spotify,176.txt,Javi,FALSE,NO,quechua,https://open.spotify.com/intl-es/track/1qpUapEcPRNZIBF8ZIpuWA?si=5cfc798b8afc41b1
177,Palomita y Cueca,Encarna Lazarte,Encarnación Lazarte,Cochabamba,1969,Cueca,Spotify,177.txt,Javi,TRUE,Si,quechua,
178,La Sobra Que He Dejado,Valeno,Pastor Cámara,,2017,Morenada,Spotify,178.txt,Javi,TRUE,Si,,
179,Lágrimas de Dolor,Semilla,Alfonso Zabala,,2012,Morenada,Spotify, 179.txt,Javi,TRUE,,,
180,Sé Feliz,Grupo Bolivia,Edgar Delgado F.,,1988,Taquirari,Spotify,180.txt,Javi,TRUE,,,
181,Imillitay,Los Kjarkas,Ulises Hermosa,,1983,Tinku,Spotify,181.txt,Javi,TRUE,,,
182,Cholita,Tupay,Edwin Castellanos,,2006,Caporal,Spotify,182.txt,Javi,TRUE,,,
183,Cantarina,"Willy Claure, Milton Cortez","Milton Cortez, Willy Claure",,2014,Cueca,Spotify,183.txt,Javi,TRUE,,,
184,Jumechi,Las Hermanas Saldaña,Godofredo Nuñez,Santa Cruz,,Carnavalito,Spotify,184.txt,Javi,TRUE,,,
185,Vos Sos Mi Dulzor,Arturo Sobenes,Percy Ávila,Santa Cruz,,Taquirari,Spotify,185.txt,Javi,TRUE,,,
186,Matecito de Toronjil,Trío de Antaño,A.A.D.D. SOBODAYCOM,,,Cueca,Spotify,186.txt,Javi,FALSE,Si,,
187,Tantas Idas y Venidas,Montoneros de Mendez,Nilo Soruco,Tarija,,Cueca,Spotify,187.txt,Javi,TRUE,,,
188,Recuerdos Muertos,Luisa Molina,Jesús Jordan,,,Kaluyo,Spotify,188.txt,Javi,FALSE,Si,,
189,Los Refranes,Los Jairas,Edgar Yayo Joffré,,,Taquirari,Spotify,189.txt,Javi,TRUE,,,
190,Ch'uwa Yaku Kawasaypuni,Luzmila Carpio,Luzmila Carpio,Potosí,,Huayño,Spotify,190.txt,Javi,TRUE,,,